Name,@odata.context,EvictionDate,OriginDate,Online,ContentType,Link,CollectionName,ProductType,Component,DatasetIdentifier,TargetFormat,DecompressionStep,CompressionType,ContentDate,NominalDate,GeoFootprint,attribute_platformAcronym,attribute_temporalRepeatRate,attribute_platformShortName,attribute_gridLabel,attribute_wlBasinName,attribute_missionShortName,attribute_datasetAlias,attribute_processingCenter,attribute_datasetShortName,attribute_areaOfInterest,attribute_instrumentShortName,attribute_datasetVersion,attribute_wlLakeName,attribute_fileFormat,attribute_metricGridSpacing,attribute_wlRiverName,attribute_productVersion,Attributes
c_gls_SCE500_201703010000_CEURO_MODIS_V1.0.1_nc,$metadata#Products(Attributes()),9999-12-31T23:59:59.999999Z,2024-12-02T11:33:38.038212Z,True,application/netcdf,/data/MTDA/Copernicus/Land/global/netcdf/snow_cover_extent/sce_500m_v1_daily/2017/20170301/c_gls_SCE500_201703010000_CEURO_MODIS_V1.0.1.nc,CLMS,snow_cover_extent,bio-geophysical,sce_europe_500m_daily_v1,EXTRACTED,False,,"{'Start': '2017-03-01T06:35:00.000000Z', 'End': '2017-03-01T11:45:00.000000Z'}",2017-03-01T00:00:00.000000Z,"{'type': 'Polygon', 'coordinates': [[[-11.0, 35.0], [-11.0, 72.0], [50.0, 72.0], [50.0, 35.0], [-11.0, 35.0]]]}","{""Name"": ""platformAcronym"", ""ValueType"": ""String"", ""Value"": ""unspecified""}","{""Name"": ""temporalRepeatRate"", ""ValueType"": ""String"", ""Value"": ""daily""}","{""Name"": ""platformShortName"", ""ValueType"": ""String"", ""Value"": ""TERRA""}","{""Name"": ""gridLabel"", ""ValueType"": ""String"", ""Value"": ""500m""}",,"{""Name"": ""missionShortName"", ""ValueType"": ""String"", ""Value"": ""TERRA""}","{""Name"": ""datasetAlias"", ""ValueType"": ""String"", ""Value"": ""sce_europe_500m_daily""}","{""Name"": ""processingCenter"", ""ValueType"": ""String"", ""Value"": ""ENVEO IT""}","{""Name"": ""datasetShortName"", ""ValueType"": ""String"", ""Value"": ""sce""}","{""Name"": ""areaOfInterest"", ""ValueType"": ""String"", ""Value"": ""europe""}","{""Name"": ""instrumentShortName"", ""ValueType"": ""String"", ""Value"": ""MODIS""}","{""Name"": ""datasetVersion"", ""ValueType"": ""Integer"", ""Value"": 1}",,"{""Name"": ""fileFormat"", ""ValueType"": ""String"", ""Value"": ""nc""}","{""Name"": ""metricGridSpacing"", ""ValueType"": ""Integer"", ""Value"": 500}",,"{""Name"": ""productVersion"", ""ValueType"": ""String"", ""Value"": ""v1.0.1""}","[{""Name"": ""productVersion"", ""ValueType"": ""String"", ""Value"": ""v1.0.1""}, {""Name"": ""datasetVersion"", ""ValueType"": ""Integer"", ""Value"": 1}, {""Name"": ""fileFormat"", ""ValueType"": ""String"", ""Value"": ""nc""}, {""Name"": ""processingCenter"", ""ValueType"": ""String"", ""Value"": ""ENVEO IT""}, {""Name"": ""datasetShortName"", ""ValueType"": ""String"", ""Value"": ""sce""}, {""Name"": ""datasetAlias"", ""ValueType"": ""String"", ""Value"": ""sce_europe_500m_daily""}, {""Name"": ""areaOfInterest"", ""ValueType"": ""String"", ""Value"": ""europe""}, {""Name"": ""metricGridSpacing"", ""ValueType"": ""Integer"", ""Value"": 500}, {""Name"": ""gridLabel"", ""ValueType"": ""String"", ""Value"": ""500m""}, {""Name"": ""temporalRepeatRate"", ""ValueType"": ""String"", ""Value"": ""daily""}, {""Name"": ""missionShortName"", ""ValueType"": ""String"", ""Value"": ""TERRA""}, {""Name"": ""platformShortName"", ""ValueType"": ""String"", ""Value"": ""TERRA""}, {""Name"": ""platformAcronym"", ""ValueType"": ""String"", ""Value"": ""unspecified""}, {""Name"": ""instrumentShortName"", ""ValueType"": ""String"", ""Value"": ""MODIS""}]"
c_gls_SCE_201801090000_NHEMI_VIIRS_V1.0.1_nc,$metadata#Products(Attributes()),9999-12-31T23:59:59.999999Z,2024-12-02T11:35:04.843161Z,True,application/netcdf,/data/MTDA/Copernicus/Land/global/netcdf/snow_cover_extent/sce_1km_v1_daily/2018/20180109/c_gls_SCE_201801090000_NHEMI_VIIRS_V1.0.1.nc,CLMS,snow_cover_extent,bio-geophysical,sce_northernhemisphere_1km_daily_v1,EXTRACTED,False,,"{'Start': '2018-01-09T00:48:03.100000Z', 'End': '2018-01-09T23:03:45.600000Z'}",2018-01-09T00:00:00.000000Z,"{'type': 'Polygon', 'coordinates': [[[-180.0, 25.0], [-180.0, 84.0], [180.0, 84.0], [180.0, 25.0], [-180.0, 25.0]]]}","{""Name"": ""platformAcronym"", ""ValueType"": ""String"", ""Value"": ""unspecified""}","{""Name"": ""temporalRepeatRate"", ""ValueType"": ""String"", ""Value"": ""daily""}","{""Name"": ""platformShortName"", ""ValueType"": ""String"", ""Value"": ""NPP""}","{""Name"": ""gridLabel"", ""ValueType"": ""String"", ""Value"": ""1km""}",,"{""Name"": ""missionShortName"", ""ValueType"": ""String"", ""Value"": ""SUOMINPP""}","{""Name"": ""datasetAlias"", ""ValueType"": ""String"", ""Value"": ""sce_northernhemisphere_1km_daily""}","{""Name"": ""processingCenter"", ""ValueType"": ""String"", ""Value"": ""ENVEO IT""}","{""Name"": ""datasetShortName"", ""ValueType"": ""String"", ""Value"": ""sce""}","{""Name"": ""areaOfInterest"", ""ValueType"": ""String"", ""Value"": ""northern hemisphere""}","{""Name"": ""instrumentShortName"", ""ValueType"": ""String"", ""Value"": ""VIIRS""}","{""Name"": ""datasetVersion"", ""ValueType"": ""Integer"", ""Value"": 1}",,"{""Name"": ""fileFormat"", ""ValueType"": ""String"", ""Value"": ""nc""}","{""Name"": ""metricGridSpacing"", ""ValueType"": ""Integer"", ""Value"": 1000}",,"{""Name"": ""productVersion"", ""ValueType"": ""String"", ""Value"": ""v1.0.1""}","[{""Name"": ""productVersion"", ""ValueType"": ""String"", ""Value"": ""v1.0.1""}, {""Name"": ""datasetVersion"", ""ValueType"": ""Integer"", ""Value"": 1}, {""Name"": ""fileFormat"", ""ValueType"": ""String"", ""Value"": ""nc""}, {""Name"": ""processingCenter"", ""ValueType"": ""String"", ""Value"": ""ENVEO IT""}, {""Name"": ""datasetShortName"", ""ValueType"": ""String"", ""Value"": ""sce""}, {""Name"": ""datasetAlias"", ""ValueType"": ""String"", ""Value"": ""sce_northernhemisphere_1km_daily""}, {""Name"": ""areaOfInterest"", ""ValueType"": ""String"", ""Value"": ""northern hemisphere""}, {""Name"": ""metricGridSpacing"", ""ValueType"": ""Integer"", ""Value"": 1000}, {""Name"": ""gridLabel"", ""ValueType"": ""String"", ""Value"": ""1km""}, {""Name"": ""temporalRepeatRate"", ""ValueType"": ""String"", ""Value"": ""daily""}, {""Name"": ""missionShortName"", ""ValueType"": ""String"", ""Value"": ""SUOMINPP""}, {""Name"": ""platformShortName"", ""ValueType"": ""String"", ""Value"": ""NPP""}, {""Name"": ""platformAcronym"", ""ValueType"": ""String"", ""Value"": ""unspecified""}, {""Name"": ""instrumentShortName"", ""ValueType"": ""String"", ""Value"": ""VIIRS""}]"
c_gls_SWE5K_200601010000_NHEMI_SSMIS_V1.0.2_nc,$metadata#Products(Attributes()),9999-12-31T23:59:59.999999Z,2024-12-02T11:35:17.325180Z,True,application/netcdf,/data/MTDA/Copernicus/Land/global/netcdf/snow_water_equivalent/swe_5km_v1_daily/2006/20060101/c_gls_SWE5K_200601010000_NHEMI_SSMIS_V1.0.2.nc,CLMS,snow_water_equivalent,bio-geophysical,swe_northernhemisphere_5km_daily_v1,EXTRACTED,False,,"{'Start': '2006-01-01T00:00:00.000000Z', 'End': '2006-01-01T23:59:59.999999Z'}",2006-01-01T00:00:00.000000Z,"{'type': 'Polygon', 'coordinates': [[[-180.0, 35.0], [-180.0, 85.0], [180.0, 85.0], [180.0, 35.0], [-180.0, 35.0]]]}","{""Name"": ""platformAcronym"", ""ValueType"": ""String"", ""Value"": ""unspecified""}","{""Name"": ""temporalRepeatRate"", ""ValueType"": ""String"", ""Value"": ""daily""}","{""Name"": ""platformShortName"", ""ValueType"": ""String"", ""Value"": ""NPP,unspecified""}","{""Name"": ""gridLabel"", ""ValueType"": ""String"", ""Value"": ""5km""}",,"{""Name"": ""missionShortName"", ""ValueType"": ""String"", ""Value"": ""SUOMINPP,unspecified""}","{""Name"": ""datasetAlias"", ""ValueType"": ""String"", ""Value"": ""swe_northernhemisphere_5km_daily""}","{""Name"": ""processingCenter"", ""ValueType"": ""String"", ""Value"": ""FMI""}","{""Name"": ""datasetShortName"", ""ValueType"": ""String"", ""Value"": ""swe""}","{""Name"": ""areaOfInterest"", ""ValueType"": ""String"", ""Value"": ""northern hemisphere""}","{""Name"": ""instrumentShortName"", ""ValueType"": ""String"", ""Value"": ""VIIRS,SSMIS""}","{""Name"": ""datasetVersion"", ""ValueType"": ""Integer"", ""Value"": 1}",,"{""Name"": ""fileFormat"", ""ValueType"": ""String"", ""Value"": ""nc""}","{""Name"": ""metricGridSpacing"", ""ValueType"": ""Integer"", ""Value"": 5000}",,"{""Name"": ""productVersion"", ""ValueType"": ""String"", ""Value"": ""v1.0.2""}","[{""Name"": ""productVersion"", ""ValueType"": ""String"", ""Value"": ""v1.0.2""}, {""Name"": ""datasetVersion"", ""ValueType"": ""Integer"", ""Value"": 1}, {""Name"": ""fileFormat"", ""ValueType"": ""String"", ""Value"": ""nc""}, {""Name"": ""processingCenter"", ""ValueType"": ""String"", ""Value"": ""FMI""}, {""Name"": ""datasetShortName"", ""ValueType"": ""String"", ""Value"": ""swe""}, {""Name"": ""datasetAlias"", ""ValueType"": ""String"", ""Value"": ""swe_northernhemisphere_5km_daily""}, {""Name"": ""areaOfInterest"", ""ValueType"": ""String"", ""Value"": ""northern hemisphere""}, {""Name"": ""metricGridSpacing"", ""ValueType"": ""Integer"", ""Value"": 5000}, {""Name"": ""gridLabel"", ""ValueType"": ""String"", ""Value"": ""5km""}, {""Name"": ""temporalRepeatRate"", ""ValueType"": ""String"", ""Value"": ""daily""}, {""Name"": ""missionShortName"", ""ValueType"": ""String"", ""Value"": ""SUOMINPP,unspecified""}, {""Name"": ""platformShortName"", ""ValueType"": ""String"", ""Value"": ""NPP,unspecified""}, {""Name"": ""platformAcronym"", ""ValueType"": ""String"", ""Value"": ""unspecified""}, {""Name"": ""instrumentShortName"", ""ValueType"": ""String"", ""Value"": ""VIIRS,SSMIS""}]"
c_gls_SWE5K_202407010000_NHEMI_SSMIS_V2.0.1_nc,$metadata#Products(Attributes()),9999-12-31T23:59:59.999999Z,2024-12-11T07:49:58.457216Z,True,application/netcdf,/data/MTDA/Copernicus/Land/global/netcdf/snow_water_equivalent/swe_5km_v2_daily/2024/20240701/c_gls_SWE5K_202407010000_NHEMI_SSMIS_V2.0.1.nc,CLMS,snow_water_equivalent,bio-geophysical,swe_northernhemisphere_5km_daily_v2,EXTRACTED,False,,"{'Start': '2024-07-01T00:00:00.000000Z', 'End': '2024-07-01T23:59:59.999999Z'}",2024-07-01T00:00:00.000000Z,"{'type': 'Polygon', 'coordinates': [[[-180.0, 35.0], [-180.0, 85.0], [180.0, 85.0], [180.0, 35.0], [-180.0, 35.0]]]}","{""Name"": ""platformAcronym"", ""ValueType"": ""String"", ""Value"": ""unspecified""}","{""Name"": ""temporalRepeatRate"", ""ValueType"": ""String"", ""Value"": ""daily""}","{""Name"": ""platformShortName"", ""ValueType"": ""String"", ""Value"": ""NPP,unspecified""}","{""Name"": ""gridLabel"", ""ValueType"": ""String"", ""Value"": ""5km""}",,"{""Name"": ""missionShortName"", ""ValueType"": ""String"", ""Value"": ""SUOMINPP,unspecified""}","{""Name"": ""datasetAlias"", ""ValueType"": ""String"", ""Value"": ""swe_northernhemisphere_5km_daily""}","{""Name"": ""processingCenter"", ""ValueType"": ""String"", ""Value"": ""FMI""}","{""Name"": ""datasetShortName"", ""ValueType"": ""String"", ""Value"": ""swe""}","{""Name"": ""areaOfInterest"", ""ValueType"": ""String"", ""Value"": ""northern hemisphere""}","{""Name"": ""instrumentShortName"", ""ValueType"": ""String"", ""Value"": ""VIIRS,SSMIS""}","{""Name"": ""datasetVersion"", ""ValueType"": ""Integer"", ""Value"": 2}",,"{""Name"": ""fileFormat"", ""ValueType"": ""String"", ""Value"": ""nc""}","{""Name"": ""metricGridSpacing"", ""ValueType"": ""Integer"", ""Value"": 5000}",,"{""Name"": ""productVersion"", ""ValueType"": ""String"", ""Value"": ""v2.0.1""}","[{""Name"": ""productVersion"", ""ValueType"": ""String"", ""Value"": ""v2.0.1""}, {""Name"": ""datasetVersion"", ""ValueType"": ""Integer"", ""Value"": 2}, {""Name"": ""fileFormat"", ""ValueType"": ""String"", ""Value"": ""nc""}, {""Name"": ""processingCenter"", ""ValueType"": ""String"", ""Value"": ""FMI""}, {""Name"": ""datasetShortName"", ""ValueType"": ""String"", ""Value"": ""swe""}, {""Name"": ""datasetAlias"", ""ValueType"": ""String"", ""Value"": ""swe_northernhemisphere_5km_daily""}, {""Name"": ""areaOfInterest"", ""ValueType"": ""String"", ""Value"": ""northern hemisphere""}, {""Name"": ""metricGridSpacing"", ""ValueType"": ""Integer"", ""Value"": 5000}, {""Name"": ""gridLabel"", ""ValueType"": ""String"", ""Value"": ""5km""}, {""Name"": ""temporalRepeatRate"", ""ValueType"": ""String"", ""Value"": ""daily""}, {""Name"": ""missionShortName"", ""ValueType"": ""String"", ""Value"": ""SUOMINPP,unspecified""}, {""Name"": ""platformShortName"", ""ValueType"": ""String"", ""Value"": ""NPP,unspecified""}, {""Name"": ""platformAcronym"", ""ValueType"": ""String"", ""Value"": ""unspecified""}, {""Name"": ""instrumentShortName"", ""ValueType"": ""String"", ""Value"": ""VIIRS,SSMIS""}]"
c_gls_LSWT_201611010000_GLOBE_SLSTRA_v1.0.2_nc,$metadata#Products(Attributes()),9999-12-31T23:59:59.999999Z,2024-12-02T15:10:14.821787Z,True,application/netcdf,/data/MTDA/Copernicus/Land/global/netcdf/lake_surface_water_temperature/lswt_1km_v1_10daily-nrt/2016/20161101/c_gls_LSWT_201611010000_GLOBE_SLSTRA_v1.0.2.nc,CLMS,land_surface_temperature,bio-geophysical,lswt-nrt_global_1km_10daily_v1,EXTRACTED,False,,"{'Start': '2016-11-01T00:00:00.000000Z', 'End': '2016-11-10T00:00:00.000000Z'}",2016-11-01T00:00:00.000000Z,"{'type': 'Polygon', 'coordinates': [[[-180.000001, -90.000001], [-180.000001, 90.000001], [180.000001, 90.000001], [180.000001, -90.000001], [-180.000001, -90.000001]]]}","{""Name"": ""platformAcronym"", ""ValueType"": ""String"", ""Value"": ""S3A""}","{""Name"": ""temporalRepeatRate"", ""ValueType"": ""String"", ""Value"": ""10daily""}","{""Name"": ""platformShortName"", ""ValueType"": ""String"", ""Value"": ""SENTINEL3A""}","{""Name"": ""gridLabel"", ""ValueType"": ""String"", ""Value"": ""1km""}",,"{""Name"": ""missionShortName"", ""ValueType"": ""String"", ""Value"": ""SENTINEL3""}","{""Name"": ""datasetAlias"", ""ValueType"": ""String"", ""Value"": ""lswt-nrt_global_1km_10daily""}","{""Name"": ""processingCenter"", ""ValueType"": ""String"", ""Value"": ""University of Reading""}","{""Name"": ""datasetShortName"", ""ValueType"": ""String"", ""Value"": ""lswt""}","{""Name"": ""areaOfInterest"", ""ValueType"": ""String"", ""Value"": ""global""}","{""Name"": ""instrumentShortName"", ""ValueType"": ""String"", ""Value"": ""SLSTR""}","{""Name"": ""datasetVersion"", ""ValueType"": ""Integer"", ""Value"": 1}",,"{""Name"": ""fileFormat"", ""ValueType"": ""String"", ""Value"": ""nc""}","{""Name"": ""metricGridSpacing"", ""ValueType"": ""Integer"", ""Value"": 1000}",,"{""Name"": ""productVersion"", ""ValueType"": ""String"", ""Value"": ""v1.0.2""}","[{""Name"": ""productVersion"", ""ValueType"": ""String"", ""Value"": ""v1.0.2""}, {""Name"": ""datasetVersion"", ""ValueType"": ""Integer"", ""Value"": 1}, {""Name"": ""fileFormat"", ""ValueType"": ""String"", ""Value"": ""nc""}, {""Name"": ""processingCenter"", ""ValueType"": ""String"", ""Value"": ""University of Reading""}, {""Name"": ""datasetShortName"", ""ValueType"": ""String"", ""Value"": ""lswt""}, {""Name"": ""datasetAlias"", ""ValueType"": ""String"", ""Value"": ""lswt-nrt_global_1km_10daily""}, {""Name"": ""areaOfInterest"", ""ValueType"": ""String"", ""Value"": ""global""}, {""Name"": ""metricGridSpacing"", ""ValueType"": ""Integer"", ""Value"": 1000}, {""Name"": ""gridLabel"", ""ValueType"": ""String"", ""Value"": ""1km""}, {""Name"": ""temporalRepeatRate"", ""ValueType"": ""String"", ""Value"": ""10daily""}, {""Name"": ""missionShortName"", ""ValueType"": ""String"", ""Value"": ""SENTINEL3""}, {""Name"": ""platformShortName"", ""ValueType"": ""String"", ""Value"": ""SENTINEL3A""}, {""Name"": ""platformAcronym"", ""ValueType"": ""String"", ""Value"": ""S3A""}, {""Name"": ""instrumentShortName"", ""ValueType"": ""String"", ""Value"": ""SLSTR""}]"
c_gls_LSWT_200205110000_GLOBE_AATSR_v1.0.2_nc,$metadata#Products(Attributes()),9999-12-31T23:59:59.999999Z,2024-12-02T15:10:19.059426Z,True,application/netcdf,/data/MTDA/Copernicus/Land/global/netcdf/lake_surface_water_temperature/lswt_1km_v1_10daily-reproc/2002/20020511/c_gls_LSWT_200205110000_GLOBE_AATSR_v1.0.2.nc,CLMS,land_surface_temperature,bio-geophysical,lswt-offline_global_1km_10daily_v1,EXTRACTED,False,,"{'Start': '2002-05-11T00:00:00.000000Z', 'End': '2002-05-20T00:00:00.000000Z'}",2002-05-11T00:00:00.000000Z,"{'type': 'Polygon', 'coordinates': [[[-180.000001, -90.000001], [-180.000001, 90.000001], [180.000001, 90.000001], [180.000001, -90.000001], [-180.000001, -90.000001]]]}","{""Name"": ""platformAcronym"", ""ValueType"": ""String"", ""Value"": ""unspecified""}","{""Name"": ""temporalRepeatRate"", ""ValueType"": ""String"", ""Value"": ""10daily""}","{""Name"": ""platformShortName"", ""ValueType"": ""String"", ""Value"": ""ENVISAT""}","{""Name"": ""gridLabel"", ""ValueType"": ""String"", ""Value"": ""1km""}",,"{""Name"": ""missionShortName"", ""ValueType"": ""String"", ""Value"": ""ENVISAT""}","{""Name"": ""datasetAlias"", ""ValueType"": ""String"", ""Value"": ""lswt-offline_global_1km_10daily""}","{""Name"": ""processingCenter"", ""ValueType"": ""String"", ""Value"": ""University of Reading""}","{""Name"": ""datasetShortName"", ""ValueType"": ""String"", ""Value"": ""lswt""}","{""Name"": ""areaOfInterest"", ""ValueType"": ""String"", ""Value"": ""global""}","{""Name"": ""instrumentShortName"", ""ValueType"": ""String"", ""Value"": ""AATSR""}","{""Name"": ""datasetVersion"", ""ValueType"": ""Integer"", ""Value"": 1}",,"{""Name"": ""fileFormat"", ""ValueType"": ""String"", ""Value"": ""nc""}","{""Name"": ""metricGridSpacing"", ""ValueType"": ""Integer"", ""Value"": 1000}",,"{""Name"": ""productVersion"", ""ValueType"": ""String"", ""Value"": ""v1.0.2""}","[{""Name"": ""productVersion"", ""ValueType"": ""String"", ""Value"": ""v1.0.2""}, {""Name"": ""datasetVersion"", ""ValueType"": ""Integer"", ""Value"": 1}, {""Name"": ""fileFormat"", ""ValueType"": ""String"", ""Value"": ""nc""}, {""Name"": ""processingCenter"", ""ValueType"": ""String"", ""Value"": ""University of Reading""}, {""Name"": ""datasetShortName"", ""ValueType"": ""String"", ""Value"": ""lswt""}, {""Name"": ""datasetAlias"", ""ValueType"": ""String"", ""Value"": ""lswt-offline_global_1km_10daily""}, {""Name"": ""areaOfInterest"", ""ValueType"": ""String"", ""Value"": ""global""}, {""Name"": ""metricGridSpacing"", ""ValueType"": ""Integer"", ""Value"": 1000}, {""Name"": ""gridLabel"", ""ValueType"": ""String"", ""Value"": ""1km""}, {""Name"": ""temporalRepeatRate"", ""ValueType"": ""String"", ""Value"": ""10daily""}, {""Name"": ""missionShortName"", ""ValueType"": ""String"", ""Value"": ""ENVISAT""}, {""Name"": ""platformShortName"", ""ValueType"": ""String"", ""Value"": ""ENVISAT""}, {""Name"": ""platformAcronym"", ""ValueType"": ""String"", ""Value"": ""unspecified""}, {""Name"": ""instrumentShortName"", ""ValueType"": ""String"", ""Value"": ""AATSR""}]"
c_gls_WB100_202010010000_GLOBE_S2_V1.0.1_nc,$metadata#Products(Attributes()),9999-12-31T23:59:59.999999Z,2024-12-02T15:14:07.544386Z,True,application/netcdf,/data/MTDA/Copernicus/Land/global/netcdf/water_bodies/wb_100m_v1_monthly/2020/20201001/c_gls_WB100_202010010000_GLOBE_S2_V1.0.1.nc,CLMS,water_bodies,bio-geophysical,wb_global_100m_monthly_v1,EXTRACTED,False,,"{'Start': '2020-10-01T00:00:00.000000Z', 'End': '2020-10-31T23:59:59.999999Z'}",2020-10-01T00:00:00.000000Z,"{'type': 'Polygon', 'coordinates': [[[-180.0, -60.0], [-180.0, 80.0], [180.0, 80.0], [180.0, -60.0], [-180.0, -60.0]]]}","{""Name"": ""platformAcronym"", ""ValueType"": ""String"", ""Value"": ""unspecified""}","{""Name"": ""temporalRepeatRate"", ""ValueType"": ""String"", ""Value"": ""monthly""}","{""Name"": ""platformShortName"", ""ValueType"": ""String"", ""Value"": ""unspecified""}","{""Name"": ""gridLabel"", ""ValueType"": ""String"", ""Value"": ""100m""}",,"{""Name"": ""missionShortName"", ""ValueType"": ""String"", ""Value"": ""SENTINEL2""}","{""Name"": ""datasetAlias"", ""ValueType"": ""String"", ""Value"": ""wb_global_100m_monthly""}","{""Name"": ""processingCenter"", ""ValueType"": ""String"", ""Value"": ""SIRS""}","{""Name"": ""datasetShortName"", ""ValueType"": ""String"", ""Value"": ""wb""}","{""Name"": ""areaOfInterest"", ""ValueType"": ""String"", ""Value"": ""global""}","{""Name"": ""instrumentShortName"", ""ValueType"": ""String"", ""Value"": ""MSI""}","{""Name"": ""datasetVersion"", ""ValueType"": ""Integer"", ""Value"": 1}",,"{""Name"": ""fileFormat"", ""ValueType"": ""String"", ""Value"": ""nc""}","{""Name"": ""metricGridSpacing"", ""ValueType"": ""Integer"", ""Value"": 100}",,"{""Name"": ""productVersion"", ""ValueType"": ""String"", ""Value"": ""v1.0.1""}","[{""Name"": ""productVersion"", ""ValueType"": ""String"", ""Value"": ""v1.0.1""}, {""Name"": ""datasetVersion"", ""ValueType"": ""Integer"", ""Value"": 1}, {""Name"": ""fileFormat"", ""ValueType"": ""String"", ""Value"": ""nc""}, {""Name"": ""processingCenter"", ""ValueType"": ""String"", ""Value"": ""SIRS""}, {""Name"": ""datasetShortName"", ""ValueType"": ""String"", ""Value"": ""wb""}, {""Name"": ""datasetAlias"", ""ValueType"": ""String"", ""Value"": ""wb_global_100m_monthly""}, {""Name"": ""areaOfInterest"", ""ValueType"": ""String"", ""Value"": ""global""}, {""Name"": ""metricGridSpacing"", ""ValueType"": ""Integer"", ""Value"": 100}, {""Name"": ""gridLabel"", ""ValueType"": ""String"", ""Value"": ""100m""}, {""Name"": ""temporalRepeatRate"", ""ValueType"": ""String"", ""Value"": ""monthly""}, {""Name"": ""missionShortName"", ""ValueType"": ""String"", ""Value"": ""SENTINEL2""}, {""Name"": ""platformShortName"", ""ValueType"": ""String"", ""Value"": ""unspecified""}, {""Name"": ""platformAcronym"", ""ValueType"": ""String"", ""Value"": ""unspecified""}, {""Name"": ""instrumentShortName"", ""ValueType"": ""String"", ""Value"": ""MSI""}]"
c_gls_WB300_202010010000_GLOBE_S2_V2.0.1_nc,$metadata#Products(Attributes()),9999-12-31T23:59:59.999999Z,2024-12-02T15:14:48.778287Z,True,application/netcdf,/data/MTDA/Copernicus/Land/global/netcdf/water_bodies/wb_300m_v2_monthly/2020/20201001/c_gls_WB300_202010010000_GLOBE_S2_V2.0.1.nc,CLMS,water_bodies,bio-geophysical,wb_global_300m_monthly_v2,EXTRACTED,False,,"{'Start': '2020-10-01T00:00:00.000000Z', 'End': '2020-10-31T23:59:59.999999Z'}",2020-10-01T00:00:00.000000Z,"{'type': 'Polygon', 'coordinates': [[[-180.0, -60.0], [-180.0, 80.0], [180.0, 80.0], [180.0, -60.0], [-180.0, -60.0]]]}","{""Name"": ""platformAcronym"", ""ValueType"": ""String"", ""Value"": ""unspecified""}","{""Name"": ""temporalRepeatRate"", ""ValueType"": ""String"", ""Value"": ""monthly""}","{""Name"": ""platformShortName"", ""ValueType"": ""String"", ""Value"": ""unspecified""}","{""Name"": ""gridLabel"", ""ValueType"": ""String"", ""Value"": ""300m""}",,"{""Name"": ""missionShortName"", ""ValueType"": ""String"", ""Value"": ""SENTINEL2""}","{""Name"": ""datasetAlias"", ""ValueType"": ""String"", ""Value"": ""wb_global_300m_monthly""}","{""Name"": ""processingCenter"", ""ValueType"": ""String"", ""Value"": ""SIRS""}","{""Name"": ""datasetShortName"", ""ValueType"": ""String"", ""Value"": ""wb""}","{""Name"": ""areaOfInterest"", ""ValueType"": ""String"", ""Value"": ""global""}","{""Name"": ""instrumentShortName"", ""ValueType"": ""String"", ""Value"": ""MSI""}","{""Name"": ""datasetVersion"", ""ValueType"": ""Integer"", ""Value"": 2}",,"{""Name"": ""fileFormat"", ""ValueType"": ""String"", ""Value"": ""nc""}","{""Name"": ""metricGridSpacing"", ""ValueType"": ""Integer"", ""Value"": 300}",,"{""Name"": ""productVersion"", ""ValueType"": ""String"", ""Value"": ""v2.0.1""}","[{""Name"": ""productVersion"", ""ValueType"": ""String"", ""Value"": ""v2.0.1""}, {""Name"": ""datasetVersion"", ""ValueType"": ""Integer"", ""Value"": 2}, {""Name"": ""fileFormat"", ""ValueType"": ""String"", ""Value"": ""nc""}, {""Name"": ""processingCenter"", ""ValueType"": ""String"", ""Value"": ""SIRS""}, {""Name"": ""datasetShortName"", ""ValueType"": ""String"", ""Value"": ""wb""}, {""Name"": ""datasetAlias"", ""ValueType"": ""String"", ""Value"": ""wb_global_300m_monthly""}, {""Name"": ""areaOfInterest"", ""ValueType"": ""String"", ""Value"": ""global""}, {""Name"": ""metricGridSpacing"", ""ValueType"": ""Integer"", ""Value"": 300}, {""Name"": ""gridLabel"", ""ValueType"": ""String"", ""Value"": ""300m""}, {""Name"": ""temporalRepeatRate"", ""ValueType"": ""String"", ""Value"": ""monthly""}, {""Name"": ""missionShortName"", ""ValueType"": ""String"", ""Value"": ""SENTINEL2""}, {""Name"": ""platformShortName"", ""ValueType"": ""String"", ""Value"": ""unspecified""}, {""Name"": ""platformAcronym"", ""ValueType"": ""String"", ""Value"": ""unspecified""}, {""Name"": ""instrumentShortName"", ""ValueType"": ""String"", ""Value"": ""MSI""}]"
c_gls_LWQ100_201812210000_GLOBAL_MSI_V1.3_nc,$metadata#Products(Attributes()),9999-12-31T23:59:59.999999Z,2024-12-05T08:00:04.383098Z,True,application/netcdf,/data/MTDA/Copernicus/Land/global/netcdf/lake_water_quality/lwq_100m_v1_10daily-nrt/2018/20181221/c_gls_LWQ100_201812210000_GLOBAL_MSI_V1.3.nc,CLMS,lake_water_quality,bio-geophysical,lwq-nrt_global_100m_10daily_v1,EXTRACTED,False,,"{'Start': '2018-12-21T00:00:00.000000Z', 'End': '2018-12-31T23:59:59.999999Z'}",2018-12-21T00:00:00.000000Z,"{'type': 'Polygon', 'coordinates': [[[-180.0, -90.0], [-180.0, 90.0], [180.0, 90.0], [180.0, -90.0], [-180.0, -90.0]]]}","{""Name"": ""platformAcronym"", ""ValueType"": ""String"", ""Value"": ""S2A""}","{""Name"": ""temporalRepeatRate"", ""ValueType"": ""String"", ""Value"": ""10daily""}","{""Name"": ""platformShortName"", ""ValueType"": ""String"", ""Value"": ""SENTINEL2A""}","{""Name"": ""gridLabel"", ""ValueType"": ""String"", ""Value"": ""100m""}",,"{""Name"": ""missionShortName"", ""ValueType"": ""String"", ""Value"": ""SENTINEL2""}","{""Name"": ""datasetAlias"", ""ValueType"": ""String"", ""Value"": ""lwq-nrt_global_100m_10daily""}","{""Name"": ""processingCenter"", ""ValueType"": ""String"", ""Value"": ""Plymouth Marine Laboratory""}","{""Name"": ""datasetShortName"", ""ValueType"": ""String"", ""Value"": ""lwq""}","{""Name"": ""areaOfInterest"", ""ValueType"": ""String"", ""Value"": ""global""}","{""Name"": ""instrumentShortName"", ""ValueType"": ""String"", ""Value"": ""MSI""}","{""Name"": ""datasetVersion"", ""ValueType"": ""Integer"", ""Value"": 1}",,"{""Name"": ""fileFormat"", ""ValueType"": ""String"", ""Value"": ""nc""}","{""Name"": ""metricGridSpacing"", ""ValueType"": ""Integer"", ""Value"": 100}",,"{""Name"": ""productVersion"", ""ValueType"": ""String"", ""Value"": ""v1.3""}","[{""Name"": ""productVersion"", ""ValueType"": ""String"", ""Value"": ""v1.3""}, {""Name"": ""datasetVersion"", ""ValueType"": ""Integer"", ""Value"": 1}, {""Name"": ""fileFormat"", ""ValueType"": ""String"", ""Value"": ""nc""}, {""Name"": ""processingCenter"", ""ValueType"": ""String"", ""Value"": ""Plymouth Marine Laboratory""}, {""Name"": ""datasetShortName"", ""ValueType"": ""String"", ""Value"": ""lwq""}, {""Name"": ""datasetAlias"", ""ValueType"": ""String"", ""Value"": ""lwq-nrt_global_100m_10daily""}, {""Name"": ""areaOfInterest"", ""ValueType"": ""String"", ""Value"": ""global""}, {""Name"": ""metricGridSpacing"", ""ValueType"": ""Integer"", ""Value"": 100}, {""Name"": ""gridLabel"", ""ValueType"": ""String"", ""Value"": ""100m""}, {""Name"": ""temporalRepeatRate"", ""ValueType"": ""String"", ""Value"": ""10daily""}, {""Name"": ""missionShortName"", ""ValueType"": ""String"", ""Value"": ""SENTINEL2""}, {""Name"": ""platformShortName"", ""ValueType"": ""String"", ""Value"": ""SENTINEL2A""}, {""Name"": ""platformAcronym"", ""ValueType"": ""String"", ""Value"": ""S2A""}, {""Name"": ""instrumentShortName"", ""ValueType"": ""String"", ""Value"": ""MSI""}]"
c_gls_LWQ300_201604210000_GLOBE_OLCI_V1.3.0_nc,$metadata#Products(Attributes()),9999-12-31T23:59:59.999999Z,2024-12-03T07:49:13.036679Z,True,application/netcdf,/data/MTDA/Copernicus/Land/global/netcdf/lake_water_quality/lwq_300m_v1_10daily-nrt/2016/20160421/c_gls_LWQ300_201604210000_GLOBE_OLCI_V1.3.0.nc,CLMS,lake_water_quality,bio-geophysical,lwq-nrt_global_300m_10daily_v1,EXTRACTED,False,,"{'Start': '2016-04-21T00:00:00.000000Z', 'End': '2016-04-30T23:59:59.999999Z'}",2016-04-21T00:00:00.000000Z,"{'type': 'Polygon', 'coordinates': [[[-180.0, -90.0], [-180.0, 90.0], [180.0, 90.0], [180.0, -90.0], [-180.0, -90.0]]]}","{""Name"": ""platformAcronym"", ""ValueType"": ""String"", ""Value"": ""unspecified""}","{""Name"": ""temporalRepeatRate"", ""ValueType"": ""String"", ""Value"": ""10daily""}","{""Name"": ""platformShortName"", ""ValueType"": ""String"", ""Value"": ""unspecified""}","{""Name"": ""gridLabel"", ""ValueType"": ""String"", ""Value"": ""300m""}",,"{""Name"": ""missionShortName"", ""ValueType"": ""String"", ""Value"": ""SENTINEL3""}","{""Name"": ""datasetAlias"", ""ValueType"": ""String"", ""Value"": ""lwq-nrt_global_300m_10daily""}","{""Name"": ""processingCenter"", ""ValueType"": ""String"", ""Value"": ""Plymouth Marine Laboratory""}","{""Name"": ""datasetShortName"", ""ValueType"": ""String"", ""Value"": ""lwq""}","{""Name"": ""areaOfInterest"", ""ValueType"": ""String"", ""Value"": ""global""}","{""Name"": ""instrumentShortName"", ""ValueType"": ""String"", ""Value"": ""OLCI""}","{""Name"": ""datasetVersion"", ""ValueType"": ""Integer"", ""Value"": 1}",,"{""Name"": ""fileFormat"", ""ValueType"": ""String"", ""Value"": ""nc""}","{""Name"": ""metricGridSpacing"", ""ValueType"": ""Integer"", ""Value"": 300}",,"{""Name"": ""productVersion"", ""ValueType"": ""String"", ""Value"": ""v1.3.0""}","[{""Name"": ""productVersion"", ""ValueType"": ""String"", ""Value"": ""v1.3.0""}, {""Name"": ""datasetVersion"", ""ValueType"": ""Integer"", ""Value"": 1}, {""Name"": ""fileFormat"", ""ValueType"": ""String"", ""Value"": ""nc""}, {""Name"": ""processingCenter"", ""ValueType"": ""String"", ""Value"": ""Plymouth Marine Laboratory""}, {""Name"": ""datasetShortName"", ""ValueType"": ""String"", ""Value"": ""lwq""}, {""Name"": ""datasetAlias"", ""ValueType"": ""String"", ""Value"": ""lwq-nrt_global_300m_10daily""}, {""Name"": ""areaOfInterest"", ""ValueType"": ""String"", ""Value"": ""global""}, {""Name"": ""metricGridSpacing"", ""ValueType"": ""Integer"", ""Value"": 300}, {""Name"": ""gridLabel"", ""ValueType"": ""String"", ""Value"": ""300m""}, {""Name"": ""temporalRepeatRate"", ""ValueType"": ""String"", ""Value"": ""10daily""}, {""Name"": ""missionShortName"", ""ValueType"": ""String"", ""Value"": ""SENTINEL3""}, {""Name"": ""platformShortName"", ""ValueType"": ""String"", ""Value"": ""unspecified""}, {""Name"": ""platformAcronym"", ""ValueType"": ""String"", ""Value"": ""unspecified""}, {""Name"": ""instrumentShortName"", ""ValueType"": ""String"", ""Value"": ""OLCI""}]"
c_gls_LWQ300_200205110000_GLOBE_MERIS_V1.3.0_nc,$metadata#Products(Attributes()),9999-12-31T23:59:59.999999Z,2024-12-03T07:54:25.535190Z,True,application/netcdf,/data/MTDA/Copernicus/Land/global/netcdf/lake_water_quality/lwq_300m_v1_10daily-reproc/2002/20020511/c_gls_LWQ300_200205110000_GLOBE_MERIS_V1.3.0.nc,CLMS,lake_water_quality,bio-geophysical,lwq-reproc_global_300m_10daily_v1,EXTRACTED,False,,"{'Start': '2002-05-11T00:00:00.000000Z', 'End': '2002-05-20T23:59:59.999999Z'}",2002-05-11T00:00:00.000000Z,"{'type': 'Polygon', 'coordinates': [[[-180.0, -90.0], [-180.0, 90.0], [180.0, 90.0], [180.0, -90.0], [-180.0, -90.0]]]}","{""Name"": ""platformAcronym"", ""ValueType"": ""String"", ""Value"": ""unspecified""}","{""Name"": ""temporalRepeatRate"", ""ValueType"": ""String"", ""Value"": ""10daily""}","{""Name"": ""platformShortName"", ""ValueType"": ""String"", ""Value"": ""ENVISAT""}","{""Name"": ""gridLabel"", ""ValueType"": ""String"", ""Value"": ""300m""}",,"{""Name"": ""missionShortName"", ""ValueType"": ""String"", ""Value"": ""ENVISAT""}","{""Name"": ""datasetAlias"", ""ValueType"": ""String"", ""Value"": ""lwq-reproc_global_300m_10daily""}","{""Name"": ""processingCenter"", ""ValueType"": ""String"", ""Value"": ""Plymouth Marine Laboratory""}","{""Name"": ""datasetShortName"", ""ValueType"": ""String"", ""Value"": ""lwq""}","{""Name"": ""areaOfInterest"", ""ValueType"": ""String"", ""Value"": ""global""}","{""Name"": ""instrumentShortName"", ""ValueType"": ""String"", ""Value"": ""MERIS""}","{""Name"": ""datasetVersion"", ""ValueType"": ""Integer"", ""Value"": 1}",,"{""Name"": ""fileFormat"", ""ValueType"": ""String"", ""Value"": ""nc""}","{""Name"": ""metricGridSpacing"", ""ValueType"": ""Integer"", ""Value"": 300}",,"{""Name"": ""productVersion"", ""ValueType"": ""String"", ""Value"": ""v1.3.0""}","[{""Name"": ""productVersion"", ""ValueType"": ""String"", ""Value"": ""v1.3.0""}, {""Name"": ""datasetVersion"", ""ValueType"": ""Integer"", ""Value"": 1}, {""Name"": ""fileFormat"", ""ValueType"": ""String"", ""Value"": ""nc""}, {""Name"": ""processingCenter"", ""ValueType"": ""String"", ""Value"": ""Plymouth Marine Laboratory""}, {""Name"": ""datasetShortName"", ""ValueType"": ""String"", ""Value"": ""lwq""}, {""Name"": ""datasetAlias"", ""ValueType"": ""String"", ""Value"": ""lwq-reproc_global_300m_10daily""}, {""Name"": ""areaOfInterest"", ""ValueType"": ""String"", ""Value"": ""global""}, {""Name"": ""metricGridSpacing"", ""ValueType"": ""Integer"", ""Value"": 300}, {""Name"": ""gridLabel"", ""ValueType"": ""String"", ""Value"": ""300m""}, {""Name"": ""temporalRepeatRate"", ""ValueType"": ""String"", ""Value"": ""10daily""}, {""Name"": ""missionShortName"", ""ValueType"": ""String"", ""Value"": ""ENVISAT""}, {""Name"": ""platformShortName"", ""ValueType"": ""String"", ""Value"": ""ENVISAT""}, {""Name"": ""platformAcronym"", ""ValueType"": ""String"", ""Value"": ""unspecified""}, {""Name"": ""instrumentShortName"", ""ValueType"": ""String"", ""Value"": ""MERIS""}]"
c_gls_LWQ300_202409010000_GLOBE_OLCI_V2.0.0_nc,$metadata#Products(Attributes()),9999-12-31T23:59:59.999999Z,2024-12-11T08:34:11.539368Z,True,application/netcdf,/data/MTDA/Copernicus/Land/global/netcdf/lake_water_quality/lwq_300m_v2_10daily-nrt/2024/20240901/c_gls_LWQ300_202409010000_GLOBE_OLCI_V2.0.0.nc,CLMS,lake_water_quality,bio-geophysical,lwq-nrt_global_300m_10daily_v2,EXTRACTED,False,,"{'Start': '2024-09-01T00:00:00.000000Z', 'End': '2024-09-10T23:59:59.999999Z'}",2024-09-01T00:00:00.000000Z,"{'type': 'Polygon', 'coordinates': [[[-180.0, -90.0], [-180.0, 90.0], [180.0, 90.0], [180.0, -90.0], [-180.0, -90.0]]]}","{""Name"": ""platformAcronym"", ""ValueType"": ""String"", ""Value"": ""S3A,S3B""}","{""Name"": ""temporalRepeatRate"", ""ValueType"": ""String"", ""Value"": ""10daily""}","{""Name"": ""platformShortName"", ""ValueType"": ""String"", ""Value"": ""SENTINEL3A,SENTINEL3B""}","{""Name"": ""gridLabel"", ""ValueType"": ""String"", ""Value"": ""300m""}",,"{""Name"": ""missionShortName"", ""ValueType"": ""String"", ""Value"": ""SENTINEL3""}","{""Name"": ""datasetAlias"", ""ValueType"": ""String"", ""Value"": ""lwq-nrt_global_300m_10daily""}","{""Name"": ""processingCenter"", ""ValueType"": ""String"", ""Value"": ""Plymouth Marine Laboratory""}","{""Name"": ""datasetShortName"", ""ValueType"": ""String"", ""Value"": ""lwq""}","{""Name"": ""areaOfInterest"", ""ValueType"": ""String"", ""Value"": ""global""}","{""Name"": ""instrumentShortName"", ""ValueType"": ""String"", ""Value"": ""OLCI""}","{""Name"": ""datasetVersion"", ""ValueType"": ""Integer"", ""Value"": 2}",,"{""Name"": ""fileFormat"", ""ValueType"": ""String"", ""Value"": ""nc""}","{""Name"": ""metricGridSpacing"", ""ValueType"": ""Integer"", ""Value"": 300}",,"{""Name"": ""productVersion"", ""ValueType"": ""String"", ""Value"": ""v2.0.0""}","[{""Name"": ""productVersion"", ""ValueType"": ""String"", ""Value"": ""v2.0.0""}, {""Name"": ""datasetVersion"", ""ValueType"": ""Integer"", ""Value"": 2}, {""Name"": ""fileFormat"", ""ValueType"": ""String"", ""Value"": ""nc""}, {""Name"": ""processingCenter"", ""ValueType"": ""String"", ""Value"": ""Plymouth Marine Laboratory""}, {""Name"": ""datasetShortName"", ""ValueType"": ""String"", ""Value"": ""lwq""}, {""Name"": ""datasetAlias"", ""ValueType"": ""String"", ""Value"": ""lwq-nrt_global_300m_10daily""}, {""Name"": ""areaOfInterest"", ""ValueType"": ""String"", ""Value"": ""global""}, {""Name"": ""metricGridSpacing"", ""ValueType"": ""Integer"", ""Value"": 300}, {""Name"": ""gridLabel"", ""ValueType"": ""String"", ""Value"": ""300m""}, {""Name"": ""temporalRepeatRate"", ""ValueType"": ""String"", ""Value"": ""10daily""}, {""Name"": ""missionShortName"", ""ValueType"": ""String"", ""Value"": ""SENTINEL3""}, {""Name"": ""platformShortName"", ""ValueType"": ""String"", ""Value"": ""SENTINEL3A,SENTINEL3B""}, {""Name"": ""platformAcronym"", ""ValueType"": ""String"", ""Value"": ""S3A,S3B""}, {""Name"": ""instrumentShortName"", ""ValueType"": ""String"", ""Value"": ""OLCI""}]"
c_gls_LWQ100_202409010000_GLOBAL_MSI_V2.0_nc,$metadata#Products(Attributes()),9999-12-31T23:59:59.999999Z,2024-12-11T08:43:25.095154Z,True,application/netcdf,/data/MTDA/Copernicus/Land/global/netcdf/lake_water_quality/lwq_100m_v2_10daily-nrt/2024/20240901/c_gls_LWQ100_202409010000_GLOBAL_MSI_V2.0.nc,CLMS,lake_water_quality,bio-geophysical,lwq-nrt_global_100m_10daily_v2,EXTRACTED,False,,"{'Start': '2024-09-01T00:00:00.000000Z', 'End': '2024-09-10T23:59:59.999999Z'}",2024-09-01T00:00:00.000000Z,"{'type': 'Polygon', 'coordinates': [[[-180.0, -90.0], [-180.0, 90.0], [180.0, 90.0], [180.0, -90.0], [-180.0, -90.0]]]}","{""Name"": ""platformAcronym"", ""ValueType"": ""String"", ""Value"": ""unspecified""}","{""Name"": ""temporalRepeatRate"", ""ValueType"": ""String"", ""Value"": ""10daily""}","{""Name"": ""platformShortName"", ""ValueType"": ""String"", ""Value"": ""unspecified""}","{""Name"": ""gridLabel"", ""ValueType"": ""String"", ""Value"": ""100m""}",,"{""Name"": ""missionShortName"", ""ValueType"": ""String"", ""Value"": ""SENTINEL2""}","{""Name"": ""datasetAlias"", ""ValueType"": ""String"", ""Value"": ""lwq-nrt_global_100m_10daily""}","{""Name"": ""processingCenter"", ""ValueType"": ""String"", ""Value"": ""Brockmann Consult,Plymouth Marine Laboratory""}","{""Name"": ""datasetShortName"", ""ValueType"": ""String"", ""Value"": ""lwq""}","{""Name"": ""areaOfInterest"", ""ValueType"": ""String"", ""Value"": ""global""}","{""Name"": ""instrumentShortName"", ""ValueType"": ""String"", ""Value"": ""MSI""}","{""Name"": ""datasetVersion"", ""ValueType"": ""Integer"", ""Value"": 2}",,"{""Name"": ""fileFormat"", ""ValueType"": ""String"", ""Value"": ""nc""}","{""Name"": ""metricGridSpacing"", ""ValueType"": ""Integer"", ""Value"": 100}",,"{""Name"": ""productVersion"", ""ValueType"": ""String"", ""Value"": ""v2.0""}","[{""Name"": ""productVersion"", ""ValueType"": ""String"", ""Value"": ""v2.0""}, {""Name"": ""datasetVersion"", ""ValueType"": ""Integer"", ""Value"": 2}, {""Name"": ""fileFormat"", ""ValueType"": ""String"", ""Value"": ""nc""}, {""Name"": ""processingCenter"", ""ValueType"": ""String"", ""Value"": ""Brockmann Consult,Plymouth Marine Laboratory""}, {""Name"": ""datasetShortName"", ""ValueType"": ""String"", ""Value"": ""lwq""}, {""Name"": ""datasetAlias"", ""ValueType"": ""String"", ""Value"": ""lwq-nrt_global_100m_10daily""}, {""Name"": ""areaOfInterest"", ""ValueType"": ""String"", ""Value"": ""global""}, {""Name"": ""metricGridSpacing"", ""ValueType"": ""Integer"", ""Value"": 100}, {""Name"": ""gridLabel"", ""ValueType"": ""String"", ""Value"": ""100m""}, {""Name"": ""temporalRepeatRate"", ""ValueType"": ""String"", ""Value"": ""10daily""}, {""Name"": ""missionShortName"", ""ValueType"": ""String"", ""Value"": ""SENTINEL2""}, {""Name"": ""platformShortName"", ""ValueType"": ""String"", ""Value"": ""unspecified""}, {""Name"": ""platformAcronym"", ""ValueType"": ""String"", ""Value"": ""unspecified""}, {""Name"": ""instrumentShortName"", ""ValueType"": ""String"", ""Value"": ""MSI""}]"
c_gls_LWQ1km_200205110000_GLOBE_MERIS_V1.1_nc,$metadata#Products(Attributes()),9999-12-31T23:59:59.999999Z,2024-12-11T07:48:37.123550Z,True,application/netcdf,/data/MTDA/Copernicus/Land/global/netcdf/lake_water_quality/lwq_1km_v1_10daily-reproc/2002/20020511/c_gls_LWQ1km_200205110000_GLOBE_MERIS_V1.1.nc,CLMS,lake_water_quality,bio-geophysical,lwq-reproc_global_1km_10daily_v1,EXTRACTED,False,,"{'Start': '2002-05-11T00:00:00.000000Z', 'End': '2002-05-20T23:59:59.999999Z'}",2002-05-11T00:00:00.000000Z,"{'type': 'Polygon', 'coordinates': [[[-180.0, -90.0], [-180.0, 90.0], [180.0, 90.0], [180.0, -90.0], [-180.0, -90.0]]]}","{""Name"": ""platformAcronym"", ""ValueType"": ""String"", ""Value"": ""unspecified""}","{""Name"": ""temporalRepeatRate"", ""ValueType"": ""String"", ""Value"": ""10daily""}","{""Name"": ""platformShortName"", ""ValueType"": ""String"", ""Value"": ""ENVISAT""}","{""Name"": ""gridLabel"", ""ValueType"": ""String"", ""Value"": ""1km""}",,"{""Name"": ""missionShortName"", ""ValueType"": ""String"", ""Value"": ""ENVISAT""}","{""Name"": ""datasetAlias"", ""ValueType"": ""String"", ""Value"": ""lwq-reproc_global_1km_10daily""}","{""Name"": ""processingCenter"", ""ValueType"": ""String"", ""Value"": ""Plymouth Marine Laboratory""}","{""Name"": ""datasetShortName"", ""ValueType"": ""String"", ""Value"": ""lwq""}","{""Name"": ""areaOfInterest"", ""ValueType"": ""String"", ""Value"": ""global""}","{""Name"": ""instrumentShortName"", ""ValueType"": ""String"", ""Value"": ""MERIS""}","{""Name"": ""datasetVersion"", ""ValueType"": ""Integer"", ""Value"": 1}",,"{""Name"": ""fileFormat"", ""ValueType"": ""String"", ""Value"": ""nc""}","{""Name"": ""metricGridSpacing"", ""ValueType"": ""Integer"", ""Value"": 1000}",,"{""Name"": ""productVersion"", ""ValueType"": ""String"", ""Value"": ""v1.1""}","[{""Name"": ""productVersion"", ""ValueType"": ""String"", ""Value"": ""v1.1""}, {""Name"": ""datasetVersion"", ""ValueType"": ""Integer"", ""Value"": 1}, {""Name"": ""fileFormat"", ""ValueType"": ""String"", ""Value"": ""nc""}, {""Name"": ""processingCenter"", ""ValueType"": ""String"", ""Value"": ""Plymouth Marine Laboratory""}, {""Name"": ""datasetShortName"", ""ValueType"": ""String"", ""Value"": ""lwq""}, {""Name"": ""datasetAlias"", ""ValueType"": ""String"", ""Value"": ""lwq-reproc_global_1km_10daily""}, {""Name"": ""areaOfInterest"", ""ValueType"": ""String"", ""Value"": ""global""}, {""Name"": ""metricGridSpacing"", ""ValueType"": ""Integer"", ""Value"": 1000}, {""Name"": ""gridLabel"", ""ValueType"": ""String"", ""Value"": ""1km""}, {""Name"": ""temporalRepeatRate"", ""ValueType"": ""String"", ""Value"": ""10daily""}, {""Name"": ""missionShortName"", ""ValueType"": ""String"", ""Value"": ""ENVISAT""}, {""Name"": ""platformShortName"", ""ValueType"": ""String"", ""Value"": ""ENVISAT""}, {""Name"": ""platformAcronym"", ""ValueType"": ""String"", ""Value"": ""unspecified""}, {""Name"": ""instrumentShortName"", ""ValueType"": ""String"", ""Value"": ""MERIS""}]"
c_gls_LWQ1km_201604210000_GLOBE_OLCI_V1.2_nc,$metadata#Products(Attributes()),9999-12-31T23:59:59.999999Z,2024-12-11T07:49:46.195219Z,True,application/netcdf,/data/MTDA/Copernicus/Land/global/netcdf/lake_water_quality/lwq_1km_v1_10daily-nrt/2016/20160421/c_gls_LWQ1km_201604210000_GLOBE_OLCI_V1.2.nc,CLMS,lake_water_quality,bio-geophysical,lwq-nrt_global_1km_10daily_v1,EXTRACTED,False,,"{'Start': '2016-04-21T00:00:00.000000Z', 'End': '2016-04-30T23:59:59.999999Z'}",2016-04-21T00:00:00.000000Z,"{'type': 'Polygon', 'coordinates': [[[-180.0, -90.0], [-180.0, 90.0], [180.0, 90.0], [180.0, -90.0], [-180.0, -90.0]]]}","{""Name"": ""platformAcronym"", ""ValueType"": ""String"", ""Value"": ""S3A""}","{""Name"": ""temporalRepeatRate"", ""ValueType"": ""String"", ""Value"": ""10daily""}","{""Name"": ""platformShortName"", ""ValueType"": ""String"", ""Value"": ""SENTINEL3A""}","{""Name"": ""gridLabel"", ""ValueType"": ""String"", ""Value"": ""1km""}",,"{""Name"": ""missionShortName"", ""ValueType"": ""String"", ""Value"": ""SENTINEL3""}","{""Name"": ""datasetAlias"", ""ValueType"": ""String"", ""Value"": ""lwq-nrt_global_1km_10daily""}","{""Name"": ""processingCenter"", ""ValueType"": ""String"", ""Value"": ""Plymouth Marine Laboratory""}","{""Name"": ""datasetShortName"", ""ValueType"": ""String"", ""Value"": ""lwq""}","{""Name"": ""areaOfInterest"", ""ValueType"": ""String"", ""Value"": ""global""}","{""Name"": ""instrumentShortName"", ""ValueType"": ""String"", ""Value"": ""OLCI""}","{""Name"": ""datasetVersion"", ""ValueType"": ""Integer"", ""Value"": 1}",,"{""Name"": ""fileFormat"", ""ValueType"": ""String"", ""Value"": ""nc""}","{""Name"": ""metricGridSpacing"", ""ValueType"": ""Integer"", ""Value"": 1000}",,"{""Name"": ""productVersion"", ""ValueType"": ""String"", ""Value"": ""v1.2""}","[{""Name"": ""productVersion"", ""ValueType"": ""String"", ""Value"": ""v1.2""}, {""Name"": ""datasetVersion"", ""ValueType"": ""Integer"", ""Value"": 1}, {""Name"": ""fileFormat"", ""ValueType"": ""String"", ""Value"": ""nc""}, {""Name"": ""processingCenter"", ""ValueType"": ""String"", ""Value"": ""Plymouth Marine Laboratory""}, {""Name"": ""datasetShortName"", ""ValueType"": ""String"", ""Value"": ""lwq""}, {""Name"": ""datasetAlias"", ""ValueType"": ""String"", ""Value"": ""lwq-nrt_global_1km_10daily""}, {""Name"": ""areaOfInterest"", ""ValueType"": ""String"", ""Value"": ""global""}, {""Name"": ""metricGridSpacing"", ""ValueType"": ""Integer"", ""Value"": 1000}, {""Name"": ""gridLabel"", ""ValueType"": ""String"", ""Value"": ""1km""}, {""Name"": ""temporalRepeatRate"", ""ValueType"": ""String"", ""Value"": ""10daily""}, {""Name"": ""missionShortName"", ""ValueType"": ""String"", ""Value"": ""SENTINEL3""}, {""Name"": ""platformShortName"", ""ValueType"": ""String"", ""Value"": ""SENTINEL3A""}, {""Name"": ""platformAcronym"", ""ValueType"": ""String"", ""Value"": ""S3A""}, {""Name"": ""instrumentShortName"", ""ValueType"": ""String"", ""Value"": ""OLCI""}]"
c_gls_LIE250_201703150000_Baltic_MODIS_V1.0.1_nc,$metadata#Products(Attributes()),9999-12-31T23:59:59.999999Z,2024-12-05T07:45:45.150707Z,True,application/netcdf,/data/MTDA/Copernicus/Land/global/netcdf/lake_ice_extent/lie_250m_v1_daily/2017/20170315/c_gls_LIE250_201703150000_Baltic_MODIS_V1.0.1.nc,CLMS,river_and_lake_ice_extent,bio-geophysical,lie_baltic_250m_daily_v1,EXTRACTED,False,,"{'Start': '2017-03-15T00:00:01.000000Z', 'End': '2017-03-15T23:59:59.999999Z'}",2017-03-15T00:00:00.000000Z,"{'type': 'Polygon', 'coordinates': [[[4.99625, 44.99875], [4.99625, 71.00375], [45.00125, 71.00375], [45.00125, 44.99875], [4.99625, 44.99875]]]}","{""Name"": ""platformAcronym"", ""ValueType"": ""String"", ""Value"": ""unspecified""}","{""Name"": ""temporalRepeatRate"", ""ValueType"": ""String"", ""Value"": ""daily""}","{""Name"": ""platformShortName"", ""ValueType"": ""String"", ""Value"": ""TERRA""}","{""Name"": ""gridLabel"", ""ValueType"": ""String"", ""Value"": ""250m""}",,"{""Name"": ""missionShortName"", ""ValueType"": ""String"", ""Value"": ""TERRA""}","{""Name"": ""datasetAlias"", ""ValueType"": ""String"", ""Value"": ""lie_baltic_250m_daily""}","{""Name"": ""processingCenter"", ""ValueType"": ""String"", ""Value"": ""SYKE,FMI,ENVEO""}","{""Name"": ""datasetShortName"", ""ValueType"": ""String"", ""Value"": ""lie""}","{""Name"": ""areaOfInterest"", ""ValueType"": ""String"", ""Value"": ""baltic""}","{""Name"": ""instrumentShortName"", ""ValueType"": ""String"", ""Value"": ""MODIS""}","{""Name"": ""datasetVersion"", ""ValueType"": ""Integer"", ""Value"": 1}",,"{""Name"": ""fileFormat"", ""ValueType"": ""String"", ""Value"": ""nc""}","{""Name"": ""metricGridSpacing"", ""ValueType"": ""Integer"", ""Value"": 250}",,"{""Name"": ""productVersion"", ""ValueType"": ""String"", ""Value"": ""v1.0.1""}","[{""Name"": ""productVersion"", ""ValueType"": ""String"", ""Value"": ""v1.0.1""}, {""Name"": ""datasetVersion"", ""ValueType"": ""Integer"", ""Value"": 1}, {""Name"": ""fileFormat"", ""ValueType"": ""String"", ""Value"": ""nc""}, {""Name"": ""processingCenter"", ""ValueType"": ""String"", ""Value"": ""SYKE,FMI,ENVEO""}, {""Name"": ""datasetShortName"", ""ValueType"": ""String"", ""Value"": ""lie""}, {""Name"": ""datasetAlias"", ""ValueType"": ""String"", ""Value"": ""lie_baltic_250m_daily""}, {""Name"": ""areaOfInterest"", ""ValueType"": ""String"", ""Value"": ""baltic""}, {""Name"": ""metricGridSpacing"", ""ValueType"": ""Integer"", ""Value"": 250}, {""Name"": ""gridLabel"", ""ValueType"": ""String"", ""Value"": ""250m""}, {""Name"": ""temporalRepeatRate"", ""ValueType"": ""String"", ""Value"": ""daily""}, {""Name"": ""missionShortName"", ""ValueType"": ""String"", ""Value"": ""TERRA""}, {""Name"": ""platformShortName"", ""ValueType"": ""String"", ""Value"": ""TERRA""}, {""Name"": ""platformAcronym"", ""ValueType"": ""String"", ""Value"": ""unspecified""}, {""Name"": ""instrumentShortName"", ""ValueType"": ""String"", ""Value"": ""MODIS""}]"
c_gls_LIE250_202402190000_CEURO_VIIRS_V2.2.1_nc,$metadata#Products(Attributes()),9999-12-31T23:59:59.999999Z,2025-01-08T14:13:35.197627Z,True,application/netcdf,/data/MTDA/Copernicus/Land/global/netcdf/lake_ice_extent/lie_250m_v2_daily/2024/20240219/c_gls_LIE250_202402190000_CEURO_VIIRS_V2.2.1.nc,CLMS,river_and_lake_ice_extent,bio-geophysical,lie_europe_250m_daily_v2,EXTRACTED,False,,"{'Start': '2024-02-19T00:00:01.000000Z', 'End': '2024-02-19T23:59:59.999999Z'}",2024-02-19T00:00:00.000000Z,"{'type': 'Polygon', 'coordinates': [[[-11.001249999999999, 35.00125], [-11.001249999999999, 72.00125], [49.99875, 72.00125], [49.99875, 35.00125], [-11.001249999999999, 35.00125]]]}","{""Name"": ""platformAcronym"", ""ValueType"": ""String"", ""Value"": ""unspecified""}","{""Name"": ""temporalRepeatRate"", ""ValueType"": ""String"", ""Value"": ""daily""}","{""Name"": ""platformShortName"", ""ValueType"": ""String"", ""Value"": ""NOAA20""}","{""Name"": ""gridLabel"", ""ValueType"": ""String"", ""Value"": ""250m""}",,"{""Name"": ""missionShortName"", ""ValueType"": ""String"", ""Value"": ""NOAA20""}","{""Name"": ""datasetAlias"", ""ValueType"": ""String"", ""Value"": ""lie_europe_250m_daily""}","{""Name"": ""processingCenter"", ""ValueType"": ""String"", ""Value"": ""Syke,FMI,ENVEO""}","{""Name"": ""datasetShortName"", ""ValueType"": ""String"", ""Value"": ""lie""}","{""Name"": ""areaOfInterest"", ""ValueType"": ""String"", ""Value"": ""europe""}","{""Name"": ""instrumentShortName"", ""ValueType"": ""String"", ""Value"": ""VIIRS""}","{""Name"": ""datasetVersion"", ""ValueType"": ""Integer"", ""Value"": 2}",,"{""Name"": ""fileFormat"", ""ValueType"": ""String"", ""Value"": ""nc""}","{""Name"": ""metricGridSpacing"", ""ValueType"": ""Integer"", ""Value"": 250}",,"{""Name"": ""productVersion"", ""ValueType"": ""String"", ""Value"": ""v2.2.1""}","[{""Name"": ""productVersion"", ""ValueType"": ""String"", ""Value"": ""v2.2.1""}, {""Name"": ""datasetVersion"", ""ValueType"": ""Integer"", ""Value"": 2}, {""Name"": ""fileFormat"", ""ValueType"": ""String"", ""Value"": ""nc""}, {""Name"": ""processingCenter"", ""ValueType"": ""String"", ""Value"": ""Syke,FMI,ENVEO""}, {""Name"": ""datasetShortName"", ""ValueType"": ""String"", ""Value"": ""lie""}, {""Name"": ""datasetAlias"", ""ValueType"": ""String"", ""Value"": ""lie_europe_250m_daily""}, {""Name"": ""areaOfInterest"", ""ValueType"": ""String"", ""Value"": ""europe""}, {""Name"": ""metricGridSpacing"", ""ValueType"": ""Integer"", ""Value"": 250}, {""Name"": ""gridLabel"", ""ValueType"": ""String"", ""Value"": ""250m""}, {""Name"": ""temporalRepeatRate"", ""ValueType"": ""String"", ""Value"": ""daily""}, {""Name"": ""missionShortName"", ""ValueType"": ""String"", ""Value"": ""NOAA20""}, {""Name"": ""platformShortName"", ""ValueType"": ""String"", ""Value"": ""NOAA20""}, {""Name"": ""platformAcronym"", ""ValueType"": ""String"", ""Value"": ""unspecified""}, {""Name"": ""instrumentShortName"", ""ValueType"": ""String"", ""Value"": ""VIIRS""}]"
c_gls_LIE-NH_202104010000_NHEMI_SLSTR_V1.1.1_nc,$metadata#Products(Attributes()),9999-12-31T23:59:59.999999Z,2024-12-03T07:54:27.728388Z,True,application/netcdf,/data/MTDA/Copernicus/Land/global/netcdf/lake_ice_extent/lie_500m_v1_daily/2021/20210401/c_gls_LIE-NH_202104010000_NHEMI_SLSTR_V1.1.1.nc,CLMS,river_and_lake_ice_extent,bio-geophysical,lie_northernhemisphere_500m_daily_v1,EXTRACTED,False,,"{'Start': '2021-04-01T00:33:34.000000Z', 'End': '2021-04-01T21:42:53.000000Z'}",2021-04-01T00:00:00.000000Z,"{'type': 'Polygon', 'coordinates': [[[-180.0025, 25.002499999999998], [-180.0025, 84.0025], [179.9975, 84.0025], [179.9975, 25.002499999999998], [-180.0025, 25.002499999999998]]]}","{""Name"": ""platformAcronym"", ""ValueType"": ""String"", ""Value"": ""S3A,S3B""}","{""Name"": ""temporalRepeatRate"", ""ValueType"": ""String"", ""Value"": ""daily""}","{""Name"": ""platformShortName"", ""ValueType"": ""String"", ""Value"": ""SENTINEL3A,SENTINEL3B""}","{""Name"": ""gridLabel"", ""ValueType"": ""String"", ""Value"": ""500m""}",,"{""Name"": ""missionShortName"", ""ValueType"": ""String"", ""Value"": ""SENTINEL3""}","{""Name"": ""datasetAlias"", ""ValueType"": ""String"", ""Value"": ""lie_northernhemisphere_500m_daily""}","{""Name"": ""processingCenter"", ""ValueType"": ""String"", ""Value"": ""SYKE,FMI,ENVEO""}","{""Name"": ""datasetShortName"", ""ValueType"": ""String"", ""Value"": ""lie""}","{""Name"": ""areaOfInterest"", ""ValueType"": ""String"", ""Value"": ""northern hemisphere""}","{""Name"": ""instrumentShortName"", ""ValueType"": ""String"", ""Value"": ""SLSTR""}","{""Name"": ""datasetVersion"", ""ValueType"": ""Integer"", ""Value"": 1}",,"{""Name"": ""fileFormat"", ""ValueType"": ""String"", ""Value"": ""nc""}","{""Name"": ""metricGridSpacing"", ""ValueType"": ""Integer"", ""Value"": 500}",,"{""Name"": ""productVersion"", ""ValueType"": ""String"", ""Value"": ""v1.1.1""}","[{""Name"": ""productVersion"", ""ValueType"": ""String"", ""Value"": ""v1.1.1""}, {""Name"": ""datasetVersion"", ""ValueType"": ""Integer"", ""Value"": 1}, {""Name"": ""fileFormat"", ""ValueType"": ""String"", ""Value"": ""nc""}, {""Name"": ""processingCenter"", ""ValueType"": ""String"", ""Value"": ""SYKE,FMI,ENVEO""}, {""Name"": ""datasetShortName"", ""ValueType"": ""String"", ""Value"": ""lie""}, {""Name"": ""datasetAlias"", ""ValueType"": ""String"", ""Value"": ""lie_northernhemisphere_500m_daily""}, {""Name"": ""areaOfInterest"", ""ValueType"": ""String"", ""Value"": ""northern hemisphere""}, {""Name"": ""metricGridSpacing"", ""ValueType"": ""Integer"", ""Value"": 500}, {""Name"": ""gridLabel"", ""ValueType"": ""String"", ""Value"": ""500m""}, {""Name"": ""temporalRepeatRate"", ""ValueType"": ""String"", ""Value"": ""daily""}, {""Name"": ""missionShortName"", ""ValueType"": ""String"", ""Value"": ""SENTINEL3""}, {""Name"": ""platformShortName"", ""ValueType"": ""String"", ""Value"": ""SENTINEL3A,SENTINEL3B""}, {""Name"": ""platformAcronym"", ""ValueType"": ""String"", ""Value"": ""S3A,S3B""}, {""Name"": ""instrumentShortName"", ""ValueType"": ""String"", ""Value"": ""SLSTR""}]"
c_gls_WL_202502240326_1000000000349_ALTI_V2.2.0_geojson,$metadata#Products(Attributes()),9999-12-31T23:59:59.999999Z,2025-02-26T01:16:00.000000Z,True,application/geo+json,/data/MTDA/Copernicus/Land/global/geojson/lake_river_water_level/wl_lakes_v2_daily/c_gls_WL_202502240326_1000000000349_ALTI_V2.2.0.json,CLMS,river_and_lake_water_level,bio-geophysical,wl-lakes_global_vector_daily_v2,EXTRACTED,False,,"{'Start': '2016-05-09T03:26:00.000000Z', 'End': '2025-02-24T03:26:00.000000Z'}",2025-02-24T03:26:00.000000Z,"{'type': 'Point', 'coordinates': [-83.7, 12.54]}","{""Name"": ""platformAcronym"", ""ValueType"": ""String"", ""Value"": ""unspecified""}","{""Name"": ""temporalRepeatRate"", ""ValueType"": ""String"", ""Value"": ""daily""}","{""Name"": ""platformShortName"", ""ValueType"": ""String"", ""Value"": ""unspecified""}",,"{""Name"": ""wlBasinName"", ""ValueType"": ""String"", ""Value"": ""Perlas""}","{""Name"": ""missionShortName"", ""ValueType"": ""String"", ""Value"": ""unspecified""}","{""Name"": ""datasetAlias"", ""ValueType"": ""String"", ""Value"": ""wl-lakes_global_vector_daily""}","{""Name"": ""processingCenter"", ""ValueType"": ""String"", ""Value"": ""CLS""}","{""Name"": ""datasetShortName"", ""ValueType"": ""String"", ""Value"": ""lwl""}","{""Name"": ""areaOfInterest"", ""ValueType"": ""String"", ""Value"": ""global""}","{""Name"": ""instrumentShortName"", ""ValueType"": ""String"", ""Value"": ""unspecified""}","{""Name"": ""datasetVersion"", ""ValueType"": ""Integer"", ""Value"": 2}","{""Name"": ""wlLakeName"", ""ValueType"": ""String"", ""Value"": ""perlas""}","{""Name"": ""fileFormat"", ""ValueType"": ""String"", ""Value"": ""geojson""}",,,"{""Name"": ""productVersion"", ""ValueType"": ""String"", ""Value"": ""v2.2.0""}","[{""Name"": ""productVersion"", ""ValueType"": ""String"", ""Value"": ""v2.2.0""}, {""Name"": ""datasetVersion"", ""ValueType"": ""Integer"", ""Value"": 2}, {""Name"": ""fileFormat"", ""ValueType"": ""String"", ""Value"": ""geojson""}, {""Name"": ""wlLakeName"", ""ValueType"": ""String"", ""Value"": ""perlas""}, {""Name"": ""wlBasinName"", ""ValueType"": ""String"", ""Value"": ""Perlas""}, {""Name"": ""processingCenter"", ""ValueType"": ""String"", ""Value"": ""CLS""}, {""Name"": ""datasetShortName"", ""ValueType"": ""String"", ""Value"": ""lwl""}, {""Name"": ""datasetAlias"", ""ValueType"": ""String"", ""Value"": ""wl-lakes_global_vector_daily""}, {""Name"": ""areaOfInterest"", ""ValueType"": ""String"", ""Value"": ""global""}, {""Name"": ""temporalRepeatRate"", ""ValueType"": ""String"", ""Value"": ""daily""}, {""Name"": ""missionShortName"", ""ValueType"": ""String"", ""Value"": ""unspecified""}, {""Name"": ""platformShortName"", ""ValueType"": ""String"", ""Value"": ""unspecified""}, {""Name"": ""platformAcronym"", ""ValueType"": ""String"", ""Value"": ""unspecified""}, {""Name"": ""instrumentShortName"", ""ValueType"": ""String"", ""Value"": ""unspecified""}]"
c_gls_WL_202501210043_0000000000001_ALTI_V2.2.0_geojson,$metadata#Products(Attributes()),9999-12-31T23:59:59.999999Z,2025-01-23T01:04:00.000000Z,True,application/geo+json,/data/MTDA/Copernicus/Land/global/geojson/lake_river_water_level/wl_rivers_v2_daily/c_gls_WL_202501210043_0000000000001_ALTI_V2.2.0.json,CLMS,river_and_lake_water_level,bio-geophysical,wl-rivers_global_vector_daily_v2,EXTRACTED,False,,"{'Start': '2018-12-03T00:42:00.000000Z', 'End': '2025-01-21T00:43:00.000000Z'}",2025-01-21T00:43:00.000000Z,"{'type': 'Point', 'coordinates': [-40.2152, -3.4606]}","{""Name"": ""platformAcronym"", ""ValueType"": ""String"", ""Value"": ""S3B""}","{""Name"": ""temporalRepeatRate"", ""ValueType"": ""String"", ""Value"": ""daily""}","{""Name"": ""platformShortName"", ""ValueType"": ""String"", ""Value"": ""SENTINEL3B""}",,"{""Name"": ""wlBasinName"", ""ValueType"": ""String"", ""Value"": ""Acarau""}","{""Name"": ""missionShortName"", ""ValueType"": ""String"", ""Value"": ""SENTINEL3""}","{""Name"": ""datasetAlias"", ""ValueType"": ""String"", ""Value"": ""wl-rivers_global_vector_daily""}","{""Name"": ""processingCenter"", ""ValueType"": ""String"", ""Value"": ""CLS""}","{""Name"": ""datasetShortName"", ""ValueType"": ""String"", ""Value"": ""rwl""}","{""Name"": ""areaOfInterest"", ""ValueType"": ""String"", ""Value"": ""global""}","{""Name"": ""instrumentShortName"", ""ValueType"": ""String"", ""Value"": ""unspecified""}","{""Name"": ""datasetVersion"", ""ValueType"": ""Integer"", ""Value"": 2}",,"{""Name"": ""fileFormat"", ""ValueType"": ""String"", ""Value"": ""geojson""}",,"{""Name"": ""wlRiverName"", ""ValueType"": ""String"", ""Value"": ""Acarau""}","{""Name"": ""productVersion"", ""ValueType"": ""String"", ""Value"": ""v2.2.0""}","[{""Name"": ""productVersion"", ""ValueType"": ""String"", ""Value"": ""v2.2.0""}, {""Name"": ""datasetVersion"", ""ValueType"": ""Integer"", ""Value"": 2}, {""Name"": ""fileFormat"", ""ValueType"": ""String"", ""Value"": ""geojson""}, {""Name"": ""wlRiverName"", ""ValueType"": ""String"", ""Value"": ""Acarau""}, {""Name"": ""wlBasinName"", ""ValueType"": ""String"", ""Value"": ""Acarau""}, {""Name"": ""processingCenter"", ""ValueType"": ""String"", ""Value"": ""CLS""}, {""Name"": ""datasetShortName"", ""ValueType"": ""String"", ""Value"": ""rwl""}, {""Name"": ""datasetAlias"", ""ValueType"": ""String"", ""Value"": ""wl-rivers_global_vector_daily""}, {""Name"": ""areaOfInterest"", ""ValueType"": ""String"", ""Value"": ""global""}, {""Name"": ""temporalRepeatRate"", ""ValueType"": ""String"", ""Value"": ""daily""}, {""Name"": ""missionShortName"", ""ValueType"": ""String"", ""Value"": ""SENTINEL3""}, {""Name"": ""platformShortName"", ""ValueType"": ""String"", ""Value"": ""SENTINEL3B""}, {""Name"": ""platformAcronym"", ""ValueType"": ""String"", ""Value"": ""S3B""}, {""Name"": ""instrumentShortName"", ""ValueType"": ""String"", ""Value"": ""unspecified""}]"
